date,department,admissions,billed_amount,avg_wait_min,staff_on_duty,weekend
2024-01-01,ER,51,"$27,083.68",54.8,12,No
2024-01-01,Cardiology,14,"$7,881.76",56.6,3,No
2024-01-01,Pediatrics,28,"$17,181.79",60.4,6,No
2024-01-01,Orthopedics,29,"$10,492.37",89.3,4,No
2024-01-02,ER,52,"$26,384.76",56.4,12,No
2024-01-02,Cardiology,19,"$11,428.95",63.1,4,No
2024-01-02,Pediatrics,32,"$9,464.62",66.7,6,No
2024-01-02,Orthopedics,23,"$14,450.98",79.7,4,No
2024-01-03,ER,53,"$18,455.11",66.7,10,No
2024-01-03,Cardiology,18,"$9,380.39",49.9,4,No
2024-01-03,Pediatrics,39,"$22,218.89",55.2,8,No
2024-01-03,Orthopedics,21,"$6,936.53",67.4,4,No
2024-01-04,ER,60,"$31,160.78",56.8,13,No
2024-01-04,Cardiology,22,"$10,664.43",85.6,3,No
2024-01-04,Pediatrics,46,"$20,681.35",87.7,6,No
2024-01-04,Orthopedics,17,"$8,147.91",68.8,3,No
2024-01-05,ER,66,"$28,856.41",59.2,13,No
2024-01-05,Cardiology,23,"$8,377.02",N/A,6,No
2024-01-05,Pediatrics,38,"$19,695.02",91.9,5,No
2024-01-05,Orthopedics,21,"$8,952.28",N/A,3,No
2024-01-06,ER,62,"$19,369.87",60.2,12,Yes
2024-01-06,Cardiology,36,"$16,573.54",141.7,3,Yes
2024-01-06,Pediatrics,46,"$19,189.71",82.2,7,Yes
2024-01-06,Orthopedics,27,"$8,411.96",99.6,3,Yes
2024-01-07,ER,60,"$31,913.67",82.0,9,Yes
2024-01-07,Cardiology,43,"$23,137.46",N/A,4,Yes
2024-01-07,Pediatrics,41,"$24,802.41",93.6,5,Yes
2024-01-07,Orthopedics,14,"$6,839.27",35.8,5,Yes
2024-01-08,ER,48,"$25,872.32",58.0,10,No
2024-01-08,Cardiology,25,"$12,848.62",68.0,5,No
2024-01-08,Pediatrics,36,"$16,482.12",109.1,4,No
2024-01-08,Orthopedics,22,"$10,814.15",60.1,5,No
2024-01-09,ER,52,"$21,053.40",60.5,10,No
2024-01-09,Cardiology,23,"$10,433.47",38.6,6,No
2024-01-09,Pediatrics,41,"$18,722.84",80.3,7,No
2024-01-09,Orthopedics,12,"$4,513.33",25.3,4,No
2024-01-10,ER,56,"$16,115.70",64.1,10,No
2024-01-10,Cardiology,26,"$12,465.78",43.8,7,No
2024-01-10,Pediatrics,31,"$16,793.26",123.7,3,No
2024-01-10,Orthopedics,27,"$9,797.68",78.5,4,No
2024-01-11,ER,54,"$31,251.11",75.4,10,No
2024-01-11,Cardiology,17,"$6,540.42",N/A,6,No
2024-01-11,Pediatrics,34,"$11,534.80",64.7,6,No
2024-01-11,Orthopedics,10,"$6,010.04",33.6,3,No
2024-01-12,ER,61,"$28,474.13",48.2,15,No
2024-01-12,Cardiology,26,"$10,777.44",42.5,7,No
2024-01-12,Pediatrics,47,"$29,010.88",81.5,7,No
2024-01-12,Orthopedics,33,"$11,061.02",140.6,3,No
2024-01-13,ER,79,"$30,945.61",80.6,11,Yes
2024-01-13,Cardiology,29,"$9,622.29",58.0,6,Yes
2024-01-13,Pediatrics,54,"$28,293.68",93.0,7,Yes
2024-01-13,Orthopedics,27,"$13,208.45",103.8,3,Yes
2024-01-14,ER,65,"$35,492.23",82.6,10,Yes
2024-01-14,Cardiology,29,"$13,220.82",68.0,5,Yes
2024-01-14,Pediatrics,53,"$32,485.34",78.7,8,Yes
2024-01-14,Orthopedics,29,"$9,225.57",116.9,3,Yes
2024-01-15,ER,61,"$30,169.09",73.6,12,No
2024-01-15,Cardiology,22,"$12,375.33",80.7,3,No
2024-01-15,Pediatrics,44,"$24,941.58",71.8,7,No
2024-01-15,Orthopedics,18,"$10,662.95",66.7,3,No
2024-01-16,ER,55,"$28,308.23",36.9,16,No
2024-01-16,Cardiology,13,"$4,747.58",N/A,3,No
2024-01-16,Pediatrics,49,"$14,894.10",161.5,4,No
2024-01-16,Orthopedics,22,"$8,617.85",96.6,3,No
2024-01-17,ER,66,"$25,244.95",74.2,11,No
2024-01-17,Cardiology,14,"$4,199.19",40.8,4,No
2024-01-17,Pediatrics,30,"$15,751.72",53.8,7,No
2024-01-17,Orthopedics,22,"$13,090.04",66.3,4,No
2024-01-18,ER,62,"$22,926.33",73.9,10,No
2024-01-18,Cardiology,28,"$11,606.03",38.2,8,No
2024-01-18,Pediatrics,26,"$7,766.36",50.5,7,No
2024-01-18,Orthopedics,6,"$3,629.73",22.6,4,No
2024-01-19,ER,56,"$28,632.46",76.0,9,No
2024-01-19,Cardiology,24,"$11,162.89",70.7,4,No
2024-01-19,Pediatrics,14,"$7,143.40",N/A,9,No
2024-01-19,Orthopedics,17,"$7,311.36",42.2,4,No
2024-01-20,ER,55,"$21,884.41",48.3,15,Yes
2024-01-20,Cardiology,24,"$14,918.13",70.3,4,Yes
2024-01-20,Pediatrics,56,"$26,474.37",89.9,8,Yes
2024-01-20,Orthopedics,31,"$14,625.18",57.3,7,Yes
2024-01-21,ER,62,"$21,877.67",66.9,12,Yes
2024-01-21,Cardiology,31,"$9,741.27",67.9,6,Yes
2024-01-21,Pediatrics,48,"$15,814.41",49.7,10,Yes
2024-01-21,Orthopedics,23,"$12,920.13",99.6,3,Yes
2024-01-22,ER,51,"$25,113.79",61.4,10,No
2024-01-22,Cardiology,27,"$13,124.02",113.8,3,No
2024-01-22,Pediatrics,37,"$21,005.94",148.4,3,No
2024-01-22,Orthopedics,3,$969.31,2.2,7,No
2024-01-23,ER,71,"$30,579.63",108.3,8,No
2024-01-23,Cardiology,31,"$18,705.77",129.3,3,No
2024-01-23,Pediatrics,37,"$14,548.34",59.1,7,No
2024-01-23,Orthopedics,23,"$10,065.85",97.0,3,No
2024-01-24,ER,71,"$43,807.74",73.7,11,No
2024-01-24,Cardiology,31,"$19,690.81",74.5,5,No
2024-01-24,Pediatrics,41,"$24,033.88",64.3,8,No
2024-01-24,Orthopedics,3,"$1,580.98",20.0,3,No
2024-01-25,ER,70,"$27,043.05",N/A,12,No
2024-01-25,Cardiology,18,"$10,991.50",74.2,3,No
2024-01-25,Pediatrics,23,"$13,719.78",27.9,7,No
2024-01-25,Orthopedics,23,"$14,712.59",95.5,3,No
2024-01-26,ER,61,"$36,778.85",77.0,10,No
2024-01-26,Cardiology,19,"$10,633.09",N/A,6,No
2024-01-26,Pediatrics,31,"$9,083.58",49.1,8,No
2024-01-26,Orthopedics,26,"$14,781.87",94.0,3,No
2024-01-27,ER,49,"$27,849.00",61.9,9,Yes
2024-01-27,Cardiology,34,"$19,776.88",107.4,4,Yes
2024-01-27,Pediatrics,53,"$31,079.58",106.5,6,Yes
2024-01-27,Orthopedics,16,"$6,039.57",59.6,3,Yes
2024-01-28,ER,81,"$24,269.23",67.9,13,Yes
2024-01-28,Cardiology,36,"$19,276.13",143.3,3,Yes
2024-01-28,Pediatrics,38,"$24,046.77",54.3,8,Yes
2024-01-28,Orthopedics,31,"$15,068.13",123.1,3,Yes
2024-01-29,ER,70,"$34,166.03",68.3,12,No
2024-01-29,Cardiology,22,"$7,335.64",43.3,7,No
2024-01-29,Pediatrics,37,"$11,947.98",83.8,6,No
2024-01-29,Orthopedics,21,"$9,114.95",68.4,4,No
2024-01-30,ER,59,"$25,202.55",60.6,12,No
2024-01-30,Cardiology,8,"$2,343.85",26.4,3,No
2024-01-30,Pediatrics,50,"$24,304.24",105.5,6,No
2024-01-30,Orthopedics,16,"$8,238.01",46.6,4,No
